Billy Kidman,Rey Mysterio Jr.,World Championship Wrestling,26.03.2001
Billy Kidman,3-Count,World Championship Wrestling,26.03.2001
Billy Kidman,Evan Karagias,World Championship Wrestling,26.03.2001
Billy Kidman,Shannon Moore,World Championship Wrestling,26.03.2001
Billy Kidman,The Jung Dragons,World Championship Wrestling,26.03.2001
Billy Kidman,Kaz Hayashi,World Championship Wrestling,26.03.2001
Billy Kidman,Yang,World Championship Wrestling,26.03.2001
Rey Mysterio Jr.,Billy Kidman,World Championship Wrestling,26.03.2001
Rey Mysterio Jr.,3-Count,World Championship Wrestling,26.03.2001
Rey Mysterio Jr.,Evan Karagias,World Championship Wrestling,26.03.2001
Rey Mysterio Jr.,Shannon Moore,World Championship Wrestling,26.03.2001
Rey Mysterio Jr.,The Jung Dragons,World Championship Wrestling,26.03.2001
Rey Mysterio Jr.,Kaz Hayashi,World Championship Wrestling,26.03.2001
Rey Mysterio Jr.,Yang,World Championship Wrestling,26.03.2001
3-Count,Billy Kidman,World Championship Wrestling,26.03.2001
3-Count,Rey Mysterio Jr.,World Championship Wrestling,26.03.2001
3-Count,Evan Karagias,World Championship Wrestling,26.03.2001
3-Count,Shannon Moore,World Championship Wrestling,26.03.2001
3-Count,The Jung Dragons,World Championship Wrestling,26.03.2001
3-Count,Kaz Hayashi,World Championship Wrestling,26.03.2001
3-Count,Yang,World Championship Wrestling,26.03.2001
Evan Karagias,Billy Kidman,World Championship Wrestling,26.03.2001
Evan Karagias,Rey Mysterio Jr.,World Championship Wrestling,26.03.2001
Evan Karagias,3-Count,World Championship Wrestling,26.03.2001
Evan Karagias,Shannon Moore,World Championship Wrestling,26.03.2001
Evan Karagias,The Jung Dragons,World Championship Wrestling,26.03.2001
Evan Karagias,Kaz Hayashi,World Championship Wrestling,26.03.2001
Evan Karagias,Yang,World Championship Wrestling,26.03.2001
Shannon Moore,Billy Kidman,World Championship Wrestling,26.03.2001
Shannon Moore,Rey Mysterio Jr.,World Championship Wrestling,26.03.2001
Shannon Moore,3-Count,World Championship Wrestling,26.03.2001
Shannon Moore,Evan Karagias,World Championship Wrestling,26.03.2001
Shannon Moore,The Jung Dragons,World Championship Wrestling,26.03.2001
Shannon Moore,Kaz Hayashi,World Championship Wrestling,26.03.2001
Shannon Moore,Yang,World Championship Wrestling,26.03.2001
The Jung Dragons,Billy Kidman,World Championship Wrestling,26.03.2001
The Jung Dragons,Rey Mysterio Jr.,World Championship Wrestling,26.03.2001
The Jung Dragons,3-Count,World Championship Wrestling,26.03.2001
The Jung Dragons,Evan Karagias,World Championship Wrestling,26.03.2001
The Jung Dragons,Shannon Moore,World Championship Wrestling,26.03.2001
The Jung Dragons,Kaz Hayashi,World Championship Wrestling,26.03.2001
The Jung Dragons,Yang,World Championship Wrestling,26.03.2001
Kaz Hayashi,Billy Kidman,World Championship Wrestling,26.03.2001
Kaz Hayashi,Rey Mysterio Jr.,World Championship Wrestling,26.03.2001
Kaz Hayashi,3-Count,World Championship Wrestling,26.03.2001
Kaz Hayashi,Evan Karagias,World Championship Wrestling,26.03.2001
Kaz Hayashi,Shannon Moore,World Championship Wrestling,26.03.2001
Kaz Hayashi,The Jung Dragons,World Championship Wrestling,26.03.2001
Kaz Hayashi,Yang,World Championship Wrestling,26.03.2001
Yang,Billy Kidman,World Championship Wrestling,26.03.2001
Yang,Rey Mysterio Jr.,World Championship Wrestling,26.03.2001
Yang,3-Count,World Championship Wrestling,26.03.2001
Yang,Evan Karagias,World Championship Wrestling,26.03.2001
Yang,Shannon Moore,World Championship Wrestling,26.03.2001
Yang,The Jung Dragons,World Championship Wrestling,26.03.2001
Yang,Kaz Hayashi,World Championship Wrestling,26.03.2001
